USE MASTER
GO

USE ExamManagementDB
GO




--INSERT DATA INTO DATABASE-
--FROM WIBUUUU
INSERT INTO USERACCOUNTS(PERSONALID, PASS, USERLEVEL,EMAIL) VALUES ('AD001','V93VpdXQWw', 0 ,'genericadmin01@schoolmail.com')
INSERT INTO USERACCOUNTS(PERSONALID, PASS, USERLEVEL,EMAIL) VALUES ('AD002','zOVM1TFHYS', 0 ,'genericadmin02@schoolmail.com')

INSERT INTO USERACCOUNTS(PERSONALID, PASS, USERLEVEL,EMAIL) VALUES ('TC001','teacherglobalkey01', 1 ,'genericteacher01@schoolmail.com')
INSERT INTO USERACCOUNTS(PERSONALID, PASS, USERLEVEL,EMAIL) VALUES ('TC002','teacherglobalkey02', 1 ,'genericteacher02@schoolmail.com')
INSERT INTO USERACCOUNTS(PERSONALID, PASS, USERLEVEL,EMAIL) VALUES ('TC003','teacherglobalkey03', 1 ,'genericteacher03@schoolmail.com')
INSERT INTO USERACCOUNTS(PERSONALID, PASS, USERLEVEL,EMAIL) VALUES ('TC004','teacherglobalkey04', 1 ,'genericteacher04@schoolmail.com')
INSERT INTO USERACCOUNTS(PERSONALID, PASS, USERLEVEL,EMAIL) VALUES ('TC005','teacherglobalkey05', 1 ,'genericteacher05@schoolmail.com')
INSERT INTO USERACCOUNTS(PERSONALID, PASS, USERLEVEL,EMAIL) VALUES ('TC006','teacherglobalkey06', 1 ,'genericteacher06@schoolmail.com')
INSERT INTO USERACCOUNTS(PERSONALID, PASS, USERLEVEL,EMAIL) VALUES ('TC007','teacherglobalkey07', 1 ,'genericteacher07@schoolmail.com')
INSERT INTO USERACCOUNTS(PERSONALID, PASS, USERLEVEL,EMAIL) VALUES ('TC008','teacherglobalkey08', 1 ,'genericteacher08@schoolmail.com')
INSERT INTO USERACCOUNTS(PERSONALID, PASS, USERLEVEL,EMAIL) VALUES ('TC009','teacherglobalkey09', 1 ,'genericteacher09@schoolmail.com')
INSERT INTO USERACCOUNTS(PERSONALID, PASS, USERLEVEL,EMAIL) VALUES ('TC010','teacherglobalkey10', 1 ,'genericteacher10@schoolmail.com')
INSERT INTO USERACCOUNTS(PERSONALID, PASS, USERLEVEL,EMAIL) VALUES ('TC011','teacherglobalkey11', 1 ,'genericteacher11@schoolmail.com')
INSERT INTO USERACCOUNTS(PERSONALID, PASS, USERLEVEL,EMAIL) VALUES ('TC012','teacherglobalkey12', 1 ,'genericteacher12@schoolmail.com')

INSERT INTO USERACCOUNTS(PERSONALID, PASS, USERLEVEL,EMAIL) VALUES ('ST001','studentglobalkey01', 2 ,'genericstudent01@somemail.com')
INSERT INTO USERACCOUNTS(PERSONALID, PASS, USERLEVEL,EMAIL) VALUES ('ST002','studentglobalkey02', 2 ,'genericstudent02@somemail.com')
INSERT INTO USERACCOUNTS(PERSONALID, PASS, USERLEVEL,EMAIL) VALUES ('ST003','studentglobalkey03', 2 ,'genericstudent03@somemail.com')
INSERT INTO USERACCOUNTS(PERSONALID, PASS, USERLEVEL,EMAIL) VALUES ('ST004','studentglobalkey04', 2 ,'genericstudent04@somemail.com')
INSERT INTO USERACCOUNTS(PERSONALID, PASS, USERLEVEL,EMAIL) VALUES ('ST005','studentglobalkey05', 2 ,'genericstudent05@somemail.com')
INSERT INTO USERACCOUNTS(PERSONALID, PASS, USERLEVEL,EMAIL) VALUES ('ST006','studentglobalkey06', 2 ,'genericstudent06@somemail.com')
INSERT INTO USERACCOUNTS(PERSONALID, PASS, USERLEVEL,EMAIL) VALUES ('ST007','studentglobalkey07', 2 ,'genericstudent07@somemail.com')
INSERT INTO USERACCOUNTS(PERSONALID, PASS, USERLEVEL,EMAIL) VALUES ('ST008','studentglobalkey08', 2 ,'genericstudent08@somemail.com')
INSERT INTO USERACCOUNTS(PERSONALID, PASS, USERLEVEL,EMAIL) VALUES ('ST009','studentglobalkey09', 2 ,'genericstudent09@somemail.com')
INSERT INTO USERACCOUNTS(PERSONALID, PASS, USERLEVEL,EMAIL) VALUES ('ST010','studentglobalkey10', 2 ,'genericstudent10@somemail.com')
INSERT INTO USERACCOUNTS(PERSONALID, PASS, USERLEVEL,EMAIL) VALUES ('ST011','studentglobalkey11', 2 ,'genericstudent11@somemail.com')
INSERT INTO USERACCOUNTS(PERSONALID, PASS, USERLEVEL,EMAIL) VALUES ('ST012','studentglobalkey12', 2 ,'genericstudent12@somemail.com')
INSERT INTO USERACCOUNTS(PERSONALID, PASS, USERLEVEL,EMAIL) VALUES ('ST013','studentglobalkey13', 2 ,'genericstudent13@somemail.com')
INSERT INTO USERACCOUNTS(PERSONALID, PASS, USERLEVEL,EMAIL) VALUES ('ST014','studentglobalkey14', 2 ,'genericstudent14@somemail.com')
INSERT INTO USERACCOUNTS(PERSONALID, PASS, USERLEVEL,EMAIL) VALUES ('ST015','studentglobalkey15', 2 ,'genericstudent15@somemail.com')
INSERT INTO USERACCOUNTS(PERSONALID, PASS, USERLEVEL,EMAIL) VALUES ('ST016','studentglobalkey16', 2 ,'genericstudent16@somemail.com')
INSERT INTO USERACCOUNTS(PERSONALID, PASS, USERLEVEL,EMAIL) VALUES ('ST017','studentglobalkey17', 2 ,'genericstudent17@somemail.com')
INSERT INTO USERACCOUNTS(PERSONALID, PASS, USERLEVEL,EMAIL) VALUES ('ST018','studentglobalkey18', 2 ,'genericstudent18@somemail.com')
INSERT INTO USERACCOUNTS(PERSONALID, PASS, USERLEVEL,EMAIL) VALUES ('ST019','studentglobalkey19', 2 ,'genericstudent19@somemail.com')
INSERT INTO USERACCOUNTS(PERSONALID, PASS, USERLEVEL,EMAIL) VALUES ('ST020','studentglobalkey20', 2 ,'genericstudent20@somemail.com')
INSERT INTO USERACCOUNTS(PERSONALID, PASS, USERLEVEL,EMAIL) VALUES ('ST021','studentglobalkey21', 2 ,'genericstudent21@somemail.com')
INSERT INTO USERACCOUNTS(PERSONALID, PASS, USERLEVEL,EMAIL) VALUES ('ST022','studentglobalkey22', 2 ,'genericstudent22@somemail.com')
INSERT INTO USERACCOUNTS(PERSONALID, PASS, USERLEVEL,EMAIL) VALUES ('ST023','studentglobalkey23', 2 ,'genericstudent23@somemail.com')
INSERT INTO USERACCOUNTS(PERSONALID, PASS, USERLEVEL,EMAIL) VALUES ('ST024','studentglobalkey24', 2 ,'genericstudent24@somemail.com')

INSERT INTO CLASSES(CLASSID, CLASSNAME, GRADEID, QUANTITY) VALUES ('CL000','Waiting Class','K006', 0)
INSERT INTO CLASSES(CLASSID, CLASSNAME, GRADEID, QUANTITY) VALUES ('CL001','6A1','K006', 2)
INSERT INTO CLASSES(CLASSID, CLASSNAME, GRADEID, QUANTITY) VALUES ('CL002','6A2','K006', 2)
INSERT INTO CLASSES(CLASSID, CLASSNAME, GRADEID, QUANTITY) VALUES ('CL003','6A3','K006', 2)
INSERT INTO CLASSES(CLASSID, CLASSNAME, GRADEID, QUANTITY) VALUES ('CL004','7A1','K007', 2)
INSERT INTO CLASSES(CLASSID, CLASSNAME, GRADEID, QUANTITY) VALUES ('CL005','7A2','K007', 2)
INSERT INTO CLASSES(CLASSID, CLASSNAME, GRADEID, QUANTITY) VALUES ('CL006','7A3','K007', 2)
INSERT INTO CLASSES(CLASSID, CLASSNAME, GRADEID, QUANTITY) VALUES ('CL007','8A1','K008', 2)
INSERT INTO CLASSES(CLASSID, CLASSNAME, GRADEID, QUANTITY) VALUES ('CL008','8A2','K008', 2)
INSERT INTO CLASSES(CLASSID, CLASSNAME, GRADEID, QUANTITY) VALUES ('CL009','8A3','K008', 2)
INSERT INTO CLASSES(CLASSID, CLASSNAME, GRADEID, QUANTITY) VALUES ('CL010','9A1','K009', 2)
INSERT INTO CLASSES(CLASSID, CLASSNAME, GRADEID, QUANTITY) VALUES ('CL011','9A2','K009', 2)
INSERT INTO CLASSES(CLASSID, CLASSNAME, GRADEID, QUANTITY) VALUES ('CL012','9A3','K009', 2)


INSERT INTO SUBJECTS(SUBJECTID,SUBJECTNAME) VALUES ('CHUACO',N'KHÔNG XÁC ĐỊNH')
INSERT INTO SUBJECTS(SUBJECTID,SUBJECTNAME) VALUES ('TOAN',N'TOÁN')
INSERT INTO SUBJECTS(SUBJECTID,SUBJECTNAME) VALUES ('VAN',N'NGỮ VĂN')
INSERT INTO SUBJECTS(SUBJECTID,SUBJECTNAME) VALUES ('ANH',N'ANH VĂN')
INSERT INTO SUBJECTS(SUBJECTID,SUBJECTNAME) VALUES ('LY',N'VẬT LÝ')
INSERT INTO SUBJECTS(SUBJECTID,SUBJECTNAME) VALUES ('HOA',N'HÓA HỌC')
INSERT INTO SUBJECTS(SUBJECTID,SUBJECTNAME) VALUES ('SINH',N'SINH HỌC')
INSERT INTO SUBJECTS(SUBJECTID,SUBJECTNAME) VALUES ('SU',N'LỊCH SỬ')
INSERT INTO SUBJECTS(SUBJECTID,SUBJECTNAME) VALUES ('DIA',N'ĐỊA LÍ')
INSERT INTO SUBJECTS(SUBJECTID,SUBJECTNAME) VALUES ('GDCD',N'GIÁO DỤC CÔNG DÂN')

INSERT INTO ADMINISTRATORS(PERSONALID,FULLNAME,GENDER,DATEOFBIRTH,ADMINONLYKEY,ADR) VALUES ('AD001',N'Trần Văn Toàn',N'Nam' ,'1985-10-16','fStzb6rrdUXSkwQGCD3C',N'305 Phố Nhậm, Xã 0, Huyện Vừ Thoại Tài , Đà Nẵng')
INSERT INTO ADMINISTRATORS(PERSONALID,FULLNAME,GENDER,DATEOFBIRTH,ADMINONLYKEY,ADR) VALUES ('AD002',N'Ngô Đức Hòa',N'Nam' ,'1990-05-03','jsDLN8An346B4LqtTmUf',N'23, Ấp 5, Phường 4, Quận Giác , Hậu Giang')

INSERT INTO TEACHERS(PERSONALID,FULLNAME,GENDER,DATEOFBIRTH,CLASSID,SUBJECTID,ADR) VALUES ('TC001', N'Lê Trọng Hoàng',N'Nam','1990-11-12','CL001', 'TOAN',N'064, Thôn Hồ Trình, Ấp Sơn Khánh, Quận Giáp , Hải Dương')
INSERT INTO TEACHERS(PERSONALID,FULLNAME,GENDER,DATEOFBIRTH,CLASSID,SUBJECTID,ADR) VALUES ('TC002', N'Nguyễn Bảo Trân',N'Nữ','1985-05-04','CL002', 'VAN',N'146 Phố Thạch, Phường Tiển, Quận Giang Quế , Cần Thơ')
INSERT INTO TEACHERS(PERSONALID,FULLNAME,GENDER,DATEOFBIRTH,CLASSID,SUBJECTID,ADR) VALUES ('TC003', N'Trần Quốc Thái',N'Nam','1984-01-07','CL003', 'ANH',N'57 Phố Trà Hân Uyên, Xã Trương Khai Nhàn, Huyện Lâm Yên , Hà Tĩnh')
INSERT INTO TEACHERS(PERSONALID,FULLNAME,GENDER,DATEOFBIRTH,CLASSID,SUBJECTID,ADR) VALUES ('TC004', N'Nguyễn Quang Huy',N'Nam','1983-09-10','CL004', 'LY',N'53, Thôn Hán Trúc Lai, Thôn Dương Dân, Huyện Khuê Thanh , Hòa Bình')
INSERT INTO TEACHERS(PERSONALID,FULLNAME,GENDER,DATEOFBIRTH,CLASSID,SUBJECTID,ADR) VALUES ('TC005', N'Lê Huy Hoàng',N'Nam','1982-04-06','CL005', 'HOA',N'9 Phố Chiêu, Xã Phó Tú Siêu, Huyện Nhiệm Quế , Cần Thơ')
INSERT INTO TEACHERS(PERSONALID,FULLNAME,GENDER,DATEOFBIRTH,CLASSID,SUBJECTID,ADR) VALUES ('TC006', N'Trần Ngọc Trâm',N'Nữ','1981-02-20','CL006', 'SINH',N'1 Phố Hàn Vu Duyên, Thôn Mi Giao, Huyện Xuyến Hồ , Kon Tum')
INSERT INTO TEACHERS(PERSONALID,FULLNAME,GENDER,DATEOFBIRTH,CLASSID,SUBJECTID,ADR) VALUES ('TC007', N'Nguyễn Thị Thu Hà',N'Nữ','1980-05-15','CL007', 'SU',N'268 Phố Quản Toàn Khiêm, Xã Miên Thiều, Huyện Bồ Ân Thiên , Lai Châu')
INSERT INTO TEACHERS(PERSONALID,FULLNAME,GENDER,DATEOFBIRTH,CLASSID,SUBJECTID,ADR) VALUES ('TC008', N'Bùi Thị Thu Hiền',N'Nữ','1986-04-05','CL008', 'DIA',N'1, Ấp Phạm Thùy Kiếm, Ấp Trà Trúc, Huyện Nguyễn , Cà Mau')
INSERT INTO TEACHERS(PERSONALID,FULLNAME,GENDER,DATEOFBIRTH,CLASSID,SUBJECTID,ADR) VALUES ('TC009', N'Trần Duy Khánh',N'Nam','1987-08-27','CL009', 'GDCD',N'08, Ấp Nhi, Ấp Khai Quân, Huyện 89 , Thanh Hóa')
INSERT INTO TEACHERS(PERSONALID,FULLNAME,GENDER,DATEOFBIRTH,CLASSID,SUBJECTID,ADR) VALUES ('TC010', N'Hồ Quốc Chương',N'Nam','1988-12-03','CL010', 'TOAN',N'28, Thôn Mạnh Sử, Phường Thúc Cung, Huyện Nhâm Nhượng , Bình Thuận')
INSERT INTO TEACHERS(PERSONALID,FULLNAME,GENDER,DATEOFBIRTH,CLASSID,SUBJECTID,ADR) VALUES ('TC011', N'Nguyễn Thị Thanh Hà',N'Nữ','1989-09-11','CL011', 'VAN',N'2 Phố Trịnh, Xã Dao Dương, Huyện 10 , Quảng Bình')
INSERT INTO TEACHERS(PERSONALID,FULLNAME,GENDER,DATEOFBIRTH,CLASSID,SUBJECTID,ADR) VALUES ('TC012', N'Lý Anh Kiệt',N'Nam','1992-10-01','CL012', 'ANH',N'71 Phố Ngô My Thoa, Xã Lâm Thủy Quyền, Quận 7 , Thanh Hóa')

INSERT INTO STUDENTS(PERSONALID,FULLNAME,CLASSID,DATEOFBIRTH,GENDER,ISPRO,ADR) VALUES ('ST001',N'Lê Minh Khôi','CL001','2008-09-11',N'Nam' ,0,N'9 Phố Đậu Thuận Thiên, Phường 56, Quận Đàm Kiều , Sơn La')
INSERT INTO STUDENTS(PERSONALID,FULLNAME,CLASSID,DATEOFBIRTH,GENDER,ISPRO,ADR) VALUES ('ST002',N'Hồ Thị Minh Tâm','CL001','2008-03-15',N'Nữ' ,0,N'36 Phố Huỳnh Hoài Trúc, Thôn Phí Bửu, Huyện Ông Pháp , Cần Thơ')
INSERT INTO STUDENTS(PERSONALID,FULLNAME,CLASSID,DATEOFBIRTH,GENDER,ISPRO,ADR) VALUES ('ST003',N'Cao Duy Hùng ','CL002','2008-11-11',N'Nam' ,1,N'4 Phố Khu Bắc Chính, Thôn Lư Du, Huyện Nghiêm Chiêu , Cần Thơ')
INSERT INTO STUDENTS(PERSONALID,FULLNAME,CLASSID,DATEOFBIRTH,GENDER,ISPRO,ADR) VALUES ('ST004',N'Đỗ Trung Kiên','CL002','2008-04-26',N'Nam' ,1,N'201 Phố Thập Hòa Đạt, Ấp Chử Sỹ, Huyện Lê , Đà Nẵng')
INSERT INTO STUDENTS(PERSONALID,FULLNAME,CLASSID,DATEOFBIRTH,GENDER,ISPRO,ADR) VALUES ('ST005',N'Nguyễn Hồng Hạnh','CL003','2008-12-08',N'Nữ' ,1,N'3019 Phố Dao, Phường Hiển Dư, Huyện 32 , Đà Nẵng')
INSERT INTO STUDENTS(PERSONALID,FULLNAME,CLASSID,DATEOFBIRTH,GENDER,ISPRO,ADR) VALUES ('ST006',N'Đoàn Thị Anh Thư','CL003','2008-07-13',N'Nữ' ,1,N'3, Thôn Đỗ Quyền, Xã Từ Thiên Thúy, Quận 2 , Thanh Hóa')
INSERT INTO STUDENTS(PERSONALID,FULLNAME,CLASSID,DATEOFBIRTH,GENDER,ISPRO,ADR) VALUES ('ST007',N'Lê Thu Hằng','CL004','2007-08-20',N'Nữ' ,0,N'67, Ấp Khuất Phụng Giang, Phường Đan Lợi, Huyện Thảo Bửu , Cao Bằng')
INSERT INTO STUDENTS(PERSONALID,FULLNAME,CLASSID,DATEOFBIRTH,GENDER,ISPRO,ADR) VALUES ('ST008',N'Trần Bao Lãnh','CL004','2007-10-30',N'Nam' ,0,N'5 Phố Vừ Vịnh Hiền, Phường Cương Đàn, Huyện 6 , Cần Thơ')
INSERT INTO STUDENTS(PERSONALID,FULLNAME,CLASSID,DATEOFBIRTH,GENDER,ISPRO,ADR) VALUES ('ST009',N'Nguyễn Tùng Nhất','CL005','2007-12-05',N'Nam' ,1,N'9755 Phố Thi Hiên Thoa, Phường 89, Quận Ngân Đạo , Đà Nẵng')
INSERT INTO STUDENTS(PERSONALID,FULLNAME,CLASSID,DATEOFBIRTH,GENDER,ISPRO,ADR) VALUES ('ST010',N'Hồ Duy Khởi','CL005','2007-09-08',N'Nam' ,1,N'2309, Ấp Kiệt Cảnh, Xã 33, Huyện Nguyên Nhiệm , Bến Tre')
INSERT INTO STUDENTS(PERSONALID,FULLNAME,CLASSID,DATEOFBIRTH,GENDER,ISPRO,ADR) VALUES ('ST011',N'Vương Văn Minh','CL006','2007-06-27',N'Nam' ,1,N'121, Ấp Diệp Pháp, Phường Ngọc, Huyện 4 , Sơn La')
INSERT INTO STUDENTS(PERSONALID,FULLNAME,CLASSID,DATEOFBIRTH,GENDER,ISPRO,ADR) VALUES ('ST012',N'Lê Minh Đức','CL006','2007-09-20',N'Nam' ,1,N'7, Thôn 02, Ấp Chế Thể, Quận 37 , Thái Nguyên')
INSERT INTO STUDENTS(PERSONALID,FULLNAME,CLASSID,DATEOFBIRTH,GENDER,ISPRO,ADR) VALUES ('ST013',N'Trần Duy Hưng','CL007','2006-03-13',N'Nam' ,0,N'6 Phố Giao Giang Hợp, Phường Lều, Huyện Phát , Quảng Trị')
INSERT INTO STUDENTS(PERSONALID,FULLNAME,CLASSID,DATEOFBIRTH,GENDER,ISPRO,ADR) VALUES ('ST014',N'Hồ Thanh Toàn','CL007','2006-01-22',N'Nam' ,0,N'868, Ấp 75, Phường 99, Quận 76 , Thái Bình')
INSERT INTO STUDENTS(PERSONALID,FULLNAME,CLASSID,DATEOFBIRTH,GENDER,ISPRO,ADR) VALUES ('ST015',N'Vũ Ttrường Kiệt','CL008','2006-04-30',N'Nam' ,1,N'7 Phố Lai, Xã Hiệp Hiên, Quận Khổng , Quảng Ngãi')
INSERT INTO STUDENTS(PERSONALID,FULLNAME,CLASSID,DATEOFBIRTH,GENDER,ISPRO,ADR) VALUES ('ST016',N'Nguyễn Ngọc Ngân','CL008','2006-02-18',N'Nữ' ,1,N'289 Phố Tô, Xã Khôi Hạnh, Quận Lý Hòa Tí , nHòa Bình')
INSERT INTO STUDENTS(PERSONALID,FULLNAME,CLASSID,DATEOFBIRTH,GENDER,ISPRO,ADR) VALUES ('ST017',N'Lê Phương Uyên','CL009','2006-09-08',N'Nữ' ,1,N'0 Phố Nữ, Xã 2, Quận Dư Giao Lễ , Đà Nẵng')
INSERT INTO STUDENTS(PERSONALID,FULLNAME,CLASSID,DATEOFBIRTH,GENDER,ISPRO,ADR) VALUES ('ST018',N'Trần Thái Bảo','CL009','2006-12-09',N'Nam' ,1,N'2229 Phố Bàng Hà Quyết, Phường Mẫn Danh, Huyện Hạnh Chương , Đà Nẵng')
INSERT INTO STUDENTS(PERSONALID,FULLNAME,CLASSID,DATEOFBIRTH,GENDER,ISPRO,ADR) VALUES ('ST019',N'Đoàn Minh Tuấn','CL010','2005-05-14',N'Nam' ,0,N'4 Phố Thôi Trân Vân, Thôn Khúc Thụy, Huyện 34 , Đà Nẵng')
INSERT INTO STUDENTS(PERSONALID,FULLNAME,CLASSID,DATEOFBIRTH,GENDER,ISPRO,ADR) VALUES ('ST020',N'Đào Hoàng Nam','CL010','2005-07-11',N'Nam' ,0,N'8 Phố Trịnh, Phường 2, Huyện Di La , Cà Mau')
INSERT INTO STUDENTS(PERSONALID,FULLNAME,CLASSID,DATEOFBIRTH,GENDER,ISPRO,ADR) VALUES ('ST021',N'Hoàng Thị Bích Trâm','CL011','2005-08-15',N'Nữ' ,1,N'27 Phố Ma Liễu Dân, Xã Long Cái, Huyện Lô Lực Trâm , Quảng Trị')
INSERT INTO STUDENTS(PERSONALID,FULLNAME,CLASSID,DATEOFBIRTH,GENDER,ISPRO,ADR) VALUES ('ST022',N'Nguyễn Thái Dương','CL011','2005-01-27',N'Nam' ,1,N'707, Ấp Đôn Tiếp Nhạn, Thôn Đăng An, Huyện Bổng Lưu , Cao Bằng')
INSERT INTO STUDENTS(PERSONALID,FULLNAME,CLASSID,DATEOFBIRTH,GENDER,ISPRO,ADR) VALUES ('ST023',N'Ngô Minh Châu','CL012','2005-04-16',N'Nam' ,1,N'6377 Phố Hy Trúc Nguyên, Phường Lý, Quận Ma Toàn , Hà Nội')
INSERT INTO STUDENTS(PERSONALID,FULLNAME,CLASSID,DATEOFBIRTH,GENDER,ISPRO,ADR) VALUES ('ST024',N'Lê Thiên Bình','CL012','2005-06-28',N'Nam' ,1,N'30 Phố Tiêu Uyển Hiệp, Phường Lam, Huyện Ấu , Hà Nội')

--FROM THE NG0X

INSERT INTO GRADE (GRADEID,DISPLAYNAME) VALUES ('K006',N'Khối lớp 6');
INSERT INTO GRADE (GRADEID,DISPLAYNAME) VALUES ('K007',N'Khối lớp 7');
INSERT INTO GRADE (GRADEID,DISPLAYNAME) VALUES ('K008',N'Khối lớp 8');
INSERT INTO GRADE (GRADEID,DISPLAYNAME) VALUES ('K009',N'Khối lớp 9');

INSERT INTO SEMESTER VALUES('SE01',N'HỌC KỲ I')
INSERT INTO SEMESTER VALUES('SE02',N'HỌC KỲ II')
INSERT INTO SEMESTER VALUES('SE03',N'HỌC KỲ III')

INSERT INTO PERMISSION(PERMISSIONID , PERMISSIONNAME) VALUES (3 , N'Tài khoản mới')
INSERT INTO PERMISSION(PERMISSIONID , PERMISSIONNAME) VALUES (0 , N'Quản Trị Viên')
INSERT INTO PERMISSION(PERMISSIONID , PERMISSIONNAME) VALUES (1 , N'Giáo Viên')
INSERT INTO PERMISSION(PERMISSIONID , PERMISSIONNAME) VALUES (2 , N'Học Sinh')

UPDATE USERACCOUNTS SET PASS ='123'